Name,ExternalId,Test Type,Date,Time,BW [KG],Reps,Tags,Additional Load [lb],Jump Height (Imp-Mom) in Inches [in] ,RSI-modified (Imp-Mom) [m/s] ,Eccentric Peak Force [N] ,Eccentric Peak Power / BM [W/kg] ,Eccentric Duration [ms] ,Concentric Peak Force [N] ,Concentric Peak Force / BM [N/kg] ,Concentric Duration [ms] 
1,,CMJ,03/21/2024,3:20 PM,75.45,3,,0,10.7,0.37,1861,22.3,467,1840,24.4,270
2,,CMJ,03/21/2024,3:18 PM,70.02,3,,0,8.2,0.23,1372,14.4,553,1372,19.6,345
3,,CMJ,03/21/2024,3:18 PM,64.32,3,,0,11.6,0.4,1441,21.1,468,1435,22.3,269
4,,CMJ,03/21/2024,3:16 PM,62.23,3,,0,13.1,0.32,1175,8.5,728,1289,20.7,318
5,,CMJ,03/21/2024,3:15 PM,80.35,3,,0,12.8,0.38,1461,14.5,541,1704,21.2,321
6,,CMJ,03/21/2024,3:14 PM,58.57,3,,0,15.6,0.56,1463,28.5,438,1458,24.9,272
7,,CMJ,03/21/2024,3:14 PM,58.74,3,,0,10.0,0.34,1307,17.3,463,1297,22.1,288
8,,CMJ,03/21/2024,3:14 PM,71.24,3,,0,13.7,0.47,1773,19.4,482,1772,24.9,263
9,,CMJ,03/21/2024,3:13 PM,65.8,3,,0,8.9,0.21,1165,10.7,724,1261,19.2,397
10,,CMJ,03/21/2024,1:21 PM,58.53,3,,0,11.1,0.35,1236,21.9,443,1214,20.7,348
11,,CMJ,03/21/2024,1:20 PM,96.71,3,,0,17.6,0.58,2378,23.5,495,2396,24.8,280
12,,CMJ,03/21/2024,1:19 PM,85.43,3,,0,17.4,0.61,2139,21.1,462,2139,25.0,260
13,,CMJ,03/21/2024,1:18 PM,62.8,3,,0,9.8,0.29,1249,17.7,513,1249,19.9,353
14,,CMJ,03/21/2024,1:16 PM,61.81,3,,0,7.3,0.23,1160,11.6,492,1201,19.4,305
1,,CMJ,03/07/2024,1:13 PM,76.27,3,,0,11.1,0.42,2041,26.7,408,1989,26.1,263
10,,CMJ,03/07/2024,1:12 PM,57.87,3,,0,10.7,0.38,1229,22.5,411,1203,20.8,314
15,,CMJ,03/07/2024,1:11 PM,58.26,3,,0,14.9,0.6,1642,27.4,397,1635,28.1,234
3,,CMJ,03/07/2024,1:09 PM,64.32,3,,0,12.6,0.46,1561,22.8,444,1559,24.2,256
2,,CMJ,02/22/2024,3:19 PM,69.27,3,,0,8.6,0.25,1462,18.1,516,1447,20.9,342
16,,CMJ,02/22/2024,3:18 PM,88.58,3,,0,19.0,0.65,2396,26.3,481,2396,27.1,257
17,,CMJ,02/22/2024,3:16 PM,66.32,3,,0,11.7,0.37,1485,23.3,494,1474,22.2,316
18,,CMJ,02/22/2024,3:15 PM,90.72,3,,0,16.9,0.61,2153,29.0,421,2159,23.8,283
15,,CMJ,02/22/2024,3:15 PM,58.48,3,,0,16.4,0.65,1709,28.3,411,1687,28.9,235
19,,CMJ,02/22/2024,3:14 PM,79.0,4,,0,15.2,0.55,1947,28.9,405,1923,24.3,292
10,,CMJ,02/22/2024,1:22 PM,57.56,3,,0,11.4,0.39,1273,30.1,416,1248,21.7,319
11,,CMJ,02/22/2024,1:21 PM,95.66,3,,0,17.8,0.64,2538,26.8,447,2481,25.9,266
3,,CMJ,02/22/2024,1:19 PM,64.27,3,,0,13.3,0.46,1592,25.0,472,1562,24.3,271
13,,CMJ,02/22/2024,1:19 PM,63.04,3,,0,10.2,0.31,1351,19.1,501,1339,21.2,337
15,,CMJ,02/15/2024,3:27 PM,59.52,3,,0,14.8,0.52,1504,20.7,471,1502,25.2,254
18,,CMJ,02/15/2024,3:21 PM,91.35,3,,0,16.5,0.59,2130,26.5,428,2163,23.7,285
20,,CMJ,02/15/2024,3:21 PM,82.49,3,,0,15.4,0.53,1932,20.4,477,1945,23.6,263
21,,CMJ,02/15/2024,3:20 PM,58.12,3,,0,11.4,0.51,1480,20.5,353,1472,25.3,214
22,,CMJ,02/15/2024,3:20 PM,86.65,3,,0,17.0,0.52,2295,26.0,549,2285,26.4,282
4,,CMJ,02/15/2024,3:19 PM,62.62,3,,0,14.4,0.41,1443,13.3,621,1454,23.2,282
17,,CMJ,02/15/2024,3:18 PM,66.83,3,,0,11.9,0.35,1487,23.9,530,1477,22.1,341
23,,CMJ,02/15/2024,3:17 PM,78.75,3,,0,18.3,0.65,2190,27.1,458,2177,27.6,259
19,,CMJ,02/15/2024,3:16 PM,78.76,3,,0,15.3,0.5,1946,32.2,474,1885,23.9,306
9,,CMJ,02/15/2024,3:15 PM,65.14,3,,0,9.5,0.23,1217,11.7,701,1221,18.7,372
16,,CMJ,02/15/2024,3:14 PM,88.16,3,,0,19.8,0.7,2488,29.9,465,2478,28.1,254
5,,CMJ,02/15/2024,3:12 PM,78.86,3,,0,14.4,0.49,1916,22.6,454,1912,24.2,288
6,,CMJ,02/15/2024,3:11 PM,59.03,3,,0,14.6,0.51,1548,31.1,449,1508,25.6,288
7,,CMJ,02/15/2024,3:11 PM,59.36,2,,0,9.8,0.33,1328,18.0,476,1323,22.3,288
1,,CMJ,02/15/2024,1:23 PM,74.29,2,,0,11.6,0.45,2052,28.1,402,1978,26.6,256
24,,CMJ,02/15/2024,1:21 PM,76.45,2,,0,10.7,0.35,1544,15.4,484,1576,20.6,306
13,,CMJ,02/15/2024,1:20 PM,62.57,2,,0,10.8,0.35,1377,22.0,460,1369,21.9,319
12,,CMJ,02/15/2024,1:19 PM,85.84,2,,0,18.3,0.64,2177,22.3,470,2182,25.4,257
10,,CMJ,02/15/2024,1:19 PM,56.84,2,,0,11.5,0.38,1207,22.8,431,1175,20.7,327
25,,CMJ,02/15/2024,1:18 PM,68.19,2,,0,14.5,0.48,1772,20.3,493,1768,25.9,273
14,,CMJ,02/15/2024,1:17 PM,61.35,2,,0,7.8,0.27,1223,11.9,458,1248,20.3,269
3,,CMJ,02/15/2024,1:17 PM,63.66,2,,0,14.1,0.51,1628,26.4,443,1612,25.3,259
26,,CMJ,02/15/2024,1:16 PM,75.89,2,,0,11.8,0.35,1781,23.4,508,1751,23.1,353
27,,CMJ,02/15/2024,1:16 PM,79.52,2,,0,6.4,0.22,1774,28.6,476,1686,21.2,272
28,,CMJ,02/15/2024,1:16 PM,62.49,2,,0,10.8,0.39,1634,28.4,414,1591,25.5,281
11,,CMJ,02/15/2024,1:14 PM,96.05,2,,0,18.4,0.62,2583,26.5,471,2509,26.1,282
29,,CMJ,02/15/2024,1:12 PM,92.29,2,,0,18.4,0.73,2596,26.6,411,2569,27.8,228
17,,CMJ,02/01/2024,3:19 PM,67.37,3,,0,11.3,0.33,1448,18.6,540,1441,21.4,333
2,,CMJ,02/01/2024,3:16 PM,68.08,3,,0,8.8,0.26,1360,15.9,521,1356,19.9,337
19,,CMJ,02/01/2024,3:14 PM,77.76,3,,0,14.9,0.52,1852,26.6,426,1825,23.5,299
30,,CMJ,02/01/2024,3:13 PM,85.35,3,,0,16.1,0.46,1998,15.8,597,2011,23.6,288
7,,CMJ,02/01/2024,3:13 PM,59.8,3,,0,9.7,0.35,1354,13.8,446,1369,22.9,250
9,,CMJ,02/01/2024,3:11 PM,65.09,3,,0,9.3,0.24,1191,10.4,653,1213,18.6,338
5,,CMJ,02/01/2024,3:11 PM,80.2,3,,0,13.5,0.48,1912,21.8,439,1918,23.9,274
16,,CMJ,02/01/2024,3:10 PM,88.69,3,,0,19.6,0.71,2498,27.8,466,2493,28.1,241
4,,CMJ,02/01/2024,3:09 PM,62.37,3,,0,13.2,0.37,1346,12.8,610,1364,21.9,285
6,,CMJ,02/01/2024,3:09 PM,57.96,3,,0,15.2,0.54,1551,31.5,436,1513,26.1,283
23,,CMJ,02/01/2024,3:08 PM,78.0,3,,0,17.6,0.62,2111,24.8,463,2097,26.9,261
18,,CMJ,02/01/2024,3:07 PM,90.23,3,,0,16.4,0.59,2142,26.6,429,2153,23.9,278
15,,CMJ,02/01/2024,3:06 PM,59.31,3,,0,14.5,0.54,1580,24.5,438,1573,26.5,245
31,,CMJ,02/01/2024,2:24 PM,49.76,3,,0,10.9,0.39,1141,17.3,447,1130,22.7,269
32,,CMJ,02/01/2024,1:30 PM,-1.0,3,,0,15.8,0.57,2217,22.3,460,2202,26.1,247
33,,CMJ,02/01/2024,1:28 PM,-1.0,3,,0,13.9,0.47,2211,22.7,479,2205,23.9,267
1,,CMJ,02/01/2024,1:28 PM,-1.0,3,,0,11.1,0.41,1993,25.7,436,1943,26.0,264
12,,CMJ,02/01/2024,1:26 PM,-1.0,3,,0,17.6,0.62,2179,21.8,470,2198,25.7,248
10,,CMJ,02/01/2024,1:26 PM,-1.0,3,,0,12.0,0.43,1236,26.3,410,1210,21.3,307
11,,CMJ,02/01/2024,1:24 PM,-1.0,3,,0,16.9,0.58,2529,26.5,468,2460,25.5,271
14,,CMJ,02/01/2024,1:23 PM,-1.0,3,,0,7.4,0.27,1240,13.9,425,1268,20.7,278
34,,CMJ,02/01/2024,1:21 PM,-1.0,3,,0,13.2,0.44,1546,15.6,490,1579,22.4,274
35,,CMJ,02/01/2024,1:21 PM,-1.0,3,,0,13.2,0.41,1688,17.9,547,1676,24.1,281
26,,CMJ,02/01/2024,1:20 PM,-1.0,3,,0,11.1,0.32,1638,23.5,512,1619,21.5,361
36,,CMJ,02/01/2024,1:20 PM,-1.0,3,,0,21.9,0.69,2413,29.7,512,2416,26.6,289
3,,CMJ,02/01/2024,1:19 PM,-1.0,3,,0,13.5,0.43,1546,23.2,516,1534,24.0,282
28,,CMJ,02/01/2024,1:18 PM,-1.0,3,,0,9.9,0.35,1533,22.9,413,1507,23.8,295
27,,CMJ,02/01/2024,1:18 PM,-1.0,3,,0,6.3,0.21,1654,26.5,496,1546,19.6,285
29,,CMJ,02/01/2024,1:17 PM,-1.0,3,,0,19.7,0.74,2579,22.8,438,2556,27.4,243
13,,CMJ,02/01/2024,1:17 PM,-1.0,3,,0,10.4,0.32,1323,18.7,499,1317,21.3,339
17,,CMJ,01/25/2024,3:22 PM,67.57,3,,0,11.0,0.34,1454,19.5,516,1448,21.4,308
19,,CMJ,01/25/2024,3:19 PM,77.2,3,,0,15.0,0.54,1906,33.5,429,1873,24.3,283
5,,CMJ,01/25/2024,3:19 PM,80.21,3,,0,12.9,0.44,1840,23.0,452,1822,22.7,301
2,,CMJ,01/25/2024,3:18 PM,67.51,3,,0,8.8,0.27,1337,16.5,511,1328,19.7,329
9,,CMJ,01/25/2024,3:17 PM,65.02,3,,0,9.3,0.23,1303,15.8,684,1295,19.9,348
6,,CMJ,01/25/2024,3:16 PM,58.42,3,,0,15.6,0.58,1496,27.8,427,1473,25.2,260
4,,CMJ,01/25/2024,3:16 PM,61.62,3,,0,14.1,0.39,1320,11.9,644,1387,22.5,282
21,,CMJ,01/25/2024,3:15 PM,57.38,3,,0,11.7,0.52,1470,22.7,356,1473,25.7,217
22,,CMJ,01/25/2024,3:15 PM,86.65,3,,0,17.3,0.54,2194,21.5,539,2195,25.3,285
30,,CMJ,01/25/2024,3:14 PM,86.7,3,,0,15.4,0.47,2025,17.6,543,2025,23.4,293
18,,CMJ,01/25/2024,3:14 PM,91.07,3,,0,16.8,0.61,2113,25.1,433,2174,23.9,271
16,,CMJ,01/25/2024,3:13 PM,88.75,3,,0,19.1,0.68,2456,26.2,464,2451,27.6,247
7,,CMJ,01/25/2024,3:13 PM,58.29,3,,0,10.7,0.38,1353,16.0,459,1353,23.2,267
15,,CMJ,01/25/2024,3:12 PM,58.64,3,,0,16.0,0.58,1551,23.0,457,1546,26.4,252
23,,CMJ,01/25/2024,3:04 PM,77.69,3,,0,17.5,0.63,2073,25.1,449,2072,26.7,257
26,,CMJ,01/25/2024,1:31 PM,75.26,3,,0,11.0,0.33,1667,24.2,499,1632,21.7,351
14,,CMJ,01/25/2024,1:31 PM,60.49,3,,0,6.7,0.21,999,9.4,510,1219,20.2,290
32,,CMJ,01/25/2024,1:30 PM,84.73,3,,0,16.2,0.55,2171,21.6,500,2168,25.6,258
12,,CMJ,01/25/2024,1:30 PM,85.61,3,,0,17.8,0.63,2201,22.0,473,2209,25.8,248
33,,CMJ,01/25/2024,1:29 PM,92.13,3,,0,14.5,0.54,2338,24.9,429,2329,25.3,253
10,,CMJ,01/25/2024,1:26 PM,57.24,3,,0,11.0,0.36,1193,21.9,451,1185,20.7,328
34,,CMJ,01/25/2024,1:25 PM,70.99,3,,0,11.3,0.38,1497,15.5,481,1528,21.5,277
1,,CMJ,01/25/2024,1:24 PM,74.61,3,,0,11.4,0.41,1985,25.2,434,1927,25.8,269
29,,CMJ,01/25/2024,1:23 PM,92.37,3,,0,19.8,0.69,2535,22.8,470,2526,27.3,261
24,,CMJ,01/25/2024,1:22 PM,77.19,3,,0,10.7,0.35,1585,16.0,494,1636,21.2,287
36,,CMJ,01/25/2024,1:22 PM,92.17,3,,0,21.2,0.64,2282,22.6,557,2343,25.4,292
28,,CMJ,01/25/2024,1:21 PM,62.63,3,,0,10.8,0.41,1598,25.3,401,1570,25.1,265
13,,CMJ,01/25/2024,1:20 PM,62.82,3,,0,10.7,0.32,1327,18.0,511,1320,21.0,338
8,,CMJ,01/25/2024,1:20 PM,69.31,3,,0,14.1,0.45,1657,19.3,527,1659,23.9,274
3,,CMJ,01/25/2024,1:19 PM,64.49,3,,0,13.3,0.48,1635,29.7,438,1587,24.6,274
27,,CMJ,01/25/2024,1:18 PM,78.25,3,,0,6.8,0.24,1758,27.0,460,1650,21.1,265
11,,CMJ,01/25/2024,1:17 PM,95.72,3,,0,18.0,0.56,2417,22.2,539,2418,25.3,289
17,,CMJ,01/16/2024,3:26 PM,66.98,3,,0,11.7,0.35,1431,20.2,515,1425,21.3,342
2,,CMJ,01/16/2024,3:25 PM,68.17,3,,0,8.6,0.24,1284,14.2,572,1303,19.1,356
4,,CMJ,01/16/2024,3:23 PM,61.93,3,,0,13.7,0.36,1311,12.1,694,1366,22.1,282
30,,CMJ,01/16/2024,3:20 PM,86.94,3,,0,14.9,0.44,2001,16.3,573,2051,23.6,291
22,,CMJ,01/16/2024,3:19 PM,86.55,3,,0,16.9,0.51,2149,19.1,558,2150,24.8,281
21,,CMJ,01/16/2024,3:18 PM,56.7,3,,0,11.2,0.44,1287,18.3,413,1299,22.9,242
7,,CMJ,01/16/2024,3:17 PM,59.56,3,,0,9.0,0.31,1301,18.3,459,1300,21.8,294
6,,CMJ,01/16/2024,3:16 PM,59.1,3,,0,15.2,0.54,1514,24.4,450,1512,25.6,259
9,,CMJ,01/16/2024,3:15 PM,64.72,3,,0,9.0,0.27,1288,17.9,505,1278,19.7,340
31,,CMJ,01/16/2024,3:14 PM,49.64,3,,0,10.8,0.37,1122,19.1,461,1106,22.3,276
18,,CMJ,01/16/2024,3:13 PM,91.27,3,,0,16.3,0.56,2110,25.0,456,2111,23.1,292
15,,CMJ,01/16/2024,3:12 PM,58.1,3,,0,14.9,0.6,1609,25.5,403,1602,27.6,234
23,,CMJ,01/16/2024,3:11 PM,77.46,3,,0,16.9,0.62,2089,23.2,451,2091,27.0,244
16,,CMJ,01/16/2024,3:11 PM,87.04,3,,0,19.5,0.67,2402,27.0,481,2389,27.5,258
19,,CMJ,01/16/2024,3:09 PM,78.57,3,,0,13.9,0.5,1839,25.1,418,1824,23.2,287
34,,CMJ,01/16/2024,1:52 PM,71.63,3,,0,11.4,0.37,1434,13.5,511,1590,22.2,273
12,,CMJ,01/16/2024,1:29 PM,86.32,3,,0,17.4,0.64,2122,22.4,445,2173,25.2,244
14,,CMJ,01/16/2024,1:28 PM,60.96,3,,0,7.1,0.25,1144,11.6,448,1262,20.7,283
35,,CMJ,01/16/2024,1:26 PM,68.63,3,,0,14.1,0.44,1624,17.3,529,1625,23.7,288
24,,CMJ,01/16/2024,1:22 PM,76.46,3,,0,10.5,0.33,1512,15.3,506,1596,20.9,299
29,,CMJ,01/16/2024,1:21 PM,91.54,3,,0,18.5,0.67,2510,24.2,468,2494,27.2,239
11,,CMJ,01/16/2024,1:21 PM,93.84,3,,0,18.1,0.64,2450,26.8,453,2405,25.6,270
27,,CMJ,01/16/2024,1:19 PM,78.09,3,,0,6.3,0.22,1633,24.9,489,1599,20.5,261
8,,CMJ,01/16/2024,1:19 PM,68.42,3,,0,13.9,0.45,1611,16.1,527,1625,23.8,260
26,,CMJ,01/16/2024,1:18 PM,74.95,3,,0,10.6,0.31,1604,22.8,521,1580,21.1,363
32,,CMJ,01/16/2024,1:18 PM,84.41,3,,0,16.8,0.55,2084,18.9,510,2084,24.7,262
33,,CMJ,01/16/2024,1:17 PM,92.23,3,,0,15.1,0.53,2333,24.4,458,2318,25.1,266
1,,CMJ,01/16/2024,1:17 PM,75.13,3,,0,11.1,0.43,1976,26.4,394,1913,25.5,262
13,,CMJ,01/16/2024,1:16 PM,63.06,3,,0,10.2,0.3,1378,20.1,528,1361,21.6,343
10,,CMJ,01/16/2024,1:15 PM,57.54,3,,0,10.4,0.33,1216,22.3,456,1198,20.8,347
28,,CMJ,01/16/2024,1:13 PM,64.0,3,,0,10.4,0.38,1537,23.5,420,1521,23.8,273
3,,CMJ,01/16/2024,1:09 PM,64.28,3,,0,12.7,0.44,1546,22.7,469,1539,23.9,265
2,,CMJ,01/11/2024,3:26 PM,67.74,3,,0,8.5,0.25,1311,14.8,540,1307,19.3,344
15,,CMJ,01/11/2024,3:24 PM,57.97,3,,0,15.6,0.59,1595,23.9,434,1586,27.4,239
4,,CMJ,01/11/2024,3:20 PM,61.62,3,,0,14.0,0.38,1332,12.1,643,1350,21.9,283
6,,CMJ,01/11/2024,3:19 PM,58.02,3,,0,15.5,0.59,1509,28.6,421,1503,25.9,246
18,,CMJ,01/11/2024,3:19 PM,90.15,3,,0,16.9,0.57,2117,25.1,462,2116,23.5,290
17,,CMJ,01/11/2024,3:17 PM,67.35,3,,0,11.8,0.34,1474,19.4,561,1459,21.7,322
23,,CMJ,01/11/2024,3:17 PM,77.92,3,,0,16.6,0.61,2057,23.4,440,2054,26.4,251
7,,CMJ,01/11/2024,3:16 PM,59.21,3,,0,9.1,0.31,1313,14.1,468,1312,22.2,275
21,,CMJ,01/11/2024,3:16 PM,57.16,3,,0,11.2,0.44,1355,17.0,427,1391,24.3,234
22,,CMJ,01/11/2024,3:15 PM,86.26,3,,0,17.1,0.55,2231,20.8,526,2236,25.9,264
5,,CMJ,01/11/2024,3:14 PM,81.88,3,,0,12.7,0.39,1749,16.3,527,1750,21.4,306
19,,CMJ,01/11/2024,3:13 PM,78.28,3,,0,14.1,0.52,1939,29.9,416,1911,24.4,271
9,,CMJ,01/11/2024,3:13 PM,64.81,3,,0,9.6,0.31,1392,18.6,481,1376,21.2,316
16,,CMJ,01/11/2024,3:10 PM,88.22,3,,0,19.4,0.62,2363,24.5,543,2353,26.7,262
29,,CMJ,01/11/2024,1:29 PM,91.94,3,,0,18.9,0.72,2555,26.4,426,2554,27.8,244
26,,CMJ,01/11/2024,1:28 PM,75.19,3,,0,10.6,0.33,1691,22.8,475,1651,22.0,331
32,,CMJ,01/11/2024,1:28 PM,85.49,3,,0,15.6,0.49,2131,19.1,559,2131,24.9,259
10,,CMJ,01/11/2024,1:27 PM,57.9,3,,0,10.7,0.34,1210,21.8,454,1197,20.7,344
13,,CMJ,01/11/2024,1:26 PM,63.5,3,,0,10.4,0.29,1250,17.1,568,1244,19.6,357
24,,CMJ,01/11/2024,1:23 PM,76.13,3,,0,11.0,0.38,1518,15.7,455,1610,21.1,287
34,,CMJ,01/11/2024,1:22 PM,70.78,3,,0,12.3,0.42,1502,15.3,479,1539,21.7,274
35,,CMJ,01/11/2024,1:22 PM,68.53,3,,0,14.0,0.45,1671,16.6,521,1675,24.4,273
20,,CMJ,01/11/2024,1:21 PM,78.75,3,,0,14.7,0.5,1770,15.8,490,1875,23.8,250
33,,CMJ,01/11/2024,1:20 PM,92.42,3,,0,16.0,0.54,2261,20.8,473,2262,24.5,275
36,,CMJ,01/11/2024,1:19 PM,90.75,3,,0,21.8,0.59,2224,19.4,639,2242,24.7,305
27,,CMJ,01/11/2024,1:19 PM,78.5,3,,0,7.1,0.24,1710,29.2,465,1576,20.1,283
8,,CMJ,01/11/2024,1:18 PM,68.75,3,,0,13.9,0.42,1607,15.4,575,1616,23.5,266
28,,CMJ,01/11/2024,1:18 PM,63.14,3,,0,10.8,0.38,1592,27.0,427,1561,24.7,291
14,,CMJ,01/11/2024,1:17 PM,61.18,3,,0,7.3,0.21,998,7.6,582,1268,20.7,323
3,,CMJ,01/11/2024,1:16 PM,64.81,3,,0,13.5,0.48,1612,26.9,454,1585,24.4,271
11,,CMJ,01/11/2024,1:15 PM,94.53,3,,0,18.8,0.63,2486,26.1,473,2426,25.7,281
31,,CMJ,01/09/2024,3:22 PM,49.56,3,,0,10.7,0.37,1125,17.3,456,1113,22.5,275
17,,CMJ,01/09/2024,3:21 PM,68.14,3,,0,11.0,0.33,1466,19.3,530,1452,21.3,323
9,,CMJ,01/09/2024,3:17 PM,64.73,3,,0,9.9,0.3,1332,14.3,528,1323,20.4,316
7,,CMJ,01/09/2024,3:16 PM,59.82,3,,0,9.1,0.31,1361,13.9,483,1363,22.8,256
19,,CMJ,01/09/2024,3:15 PM,77.46,3,,0,14.7,0.54,1799,23.9,405,1840,23.8,292
37,,CMJ,01/09/2024,3:14 PM,87.76,3,,0,12.1,0.36,2059,21.4,521,2050,23.4,320
21,,CMJ,01/09/2024,3:14 PM,57.05,3,,0,10.8,0.38,1214,14.7,480,1256,22.0,258
5,,CMJ,01/09/2024,3:13 PM,80.94,3,,0,13.5,0.39,1771,16.9,561,1772,21.9,314
23,,CMJ,01/09/2024,3:12 PM,77.58,3,,0,16.6,0.61,2028,24.3,443,2029,26.2,253
6,,CMJ,01/09/2024,3:12 PM,57.46,3,,0,15.1,0.57,1450,26.1,409,1440,25.1,257
4,,CMJ,01/09/2024,3:11 PM,61.64,3,,0,13.4,0.36,1294,12.4,640,1316,21.3,308
30,,CMJ,01/09/2024,3:11 PM,86.83,3,,0,15.5,0.44,2021,16.4,593,2023,23.3,295
22,,CMJ,01/09/2024,3:10 PM,85.34,3,,0,16.5,0.51,2120,17.0,559,2131,25.0,273
16,,CMJ,01/09/2024,3:10 PM,89.01,3,,0,19.3,0.58,2246,18.4,584,2262,25.4,267
15,,CMJ,01/09/2024,3:08 PM,59.21,3,,0,14.9,0.53,1552,20.2,475,1550,26.2,246
12,,CMJ,01/09/2024,1:27 PM,86.74,3,,0,18.2,0.63,2189,23.1,476,2183,25.2,264
24,,CMJ,01/09/2024,1:26 PM,76.36,3,,0,10.3,0.34,1547,15.4,472,1583,20.7,290
14,,CMJ,01/09/2024,1:24 PM,61.19,3,,0,7.3,0.21,1051,8.8,557,1303,21.3,330
10,,CMJ,01/09/2024,1:23 PM,57.64,3,,0,10.7,0.36,1213,20.9,432,1182,20.5,321
36,,CMJ,01/09/2024,1:21 PM,91.13,3,,0,21.2,0.69,2440,29.0,503,2444,26.8,284
3,,CMJ,01/09/2024,1:20 PM,64.56,3,,0,13.3,0.45,1541,23.0,481,1530,23.7,277
13,,CMJ,01/09/2024,1:18 PM,62.93,3,,0,10.6,0.31,1276,16.1,547,1272,20.2,331
32,,CMJ,01/09/2024,1:17 PM,85.78,3,,0,16.2,0.56,2197,20.9,490,2190,25.5,252
35,,CMJ,01/09/2024,1:17 PM,69.23,3,,0,12.6,0.41,1692,17.7,522,1696,24.5,268
34,,CMJ,01/09/2024,1:16 PM,71.05,3,,0,12.2,0.36,1425,13.1,578,1572,22.1,293
29,,CMJ,01/09/2024,1:15 PM,91.03,3,,0,19.0,0.71,2581,28.1,437,2556,28.1,243
28,,CMJ,01/09/2024,1:15 PM,63.2,3,,0,10.8,0.39,1639,26.9,420,1582,25.0,274
8,,CMJ,01/09/2024,1:14 PM,68.95,3,,0,13.5,0.42,1653,13.8,571,1663,24.1,250
33,,CMJ,01/09/2024,1:13 PM,92.2,3,,0,15.0,0.52,2293,21.1,470,2291,24.8,262
26,,CMJ,01/09/2024,1:12 PM,74.79,3,,0,10.1,0.3,1555,19.7,508,1538,20.6,347
27,,CMJ,01/09/2024,1:12 PM,77.71,3,,0,7.4,0.22,1464,15.2,569,1446,18.6,313
20,,CMJ,01/09/2024,1:11 PM,77.91,3,,0,15.3,0.53,1779,16.8,480,1873,24.0,259
18,,CMJ,01/09/2024,1:10 PM,90.62,3,,0,16.3,0.57,2156,25.6,445,2157,23.8,284
11,,CMJ,01/09/2024,1:09 PM,94.24,3,,0,18.6,0.62,2489,28.1,478,2424,25.7,287
18,,CMJ,12/07/2023,3:07 PM,91.35,3,,0,16.1,0.55,2085,24.3,454,2118,23.2,284
8,,CMJ,12/07/2023,3:07 PM,68.79,3,,0,13.6,0.45,1717,15.2,526,1733,25.2,238
31,,CMJ,12/07/2023,3:06 PM,49.79,3,,0,10.7,0.38,1146,18.1,446,1128,22.7,264
3,,CMJ,12/07/2023,3:05 PM,63.81,3,,0,13.2,0.47,1552,21.9,463,1552,24.3,249
15,,CMJ,12/07/2023,3:04 PM,54.91,3,,0,15.6,0.59,1433,22.0,435,1436,26.2,239
2,,CMJ,11/21/2023,1:29 PM,67.67,3,,0,8.8,0.25,1305,13.6,581,1328,19.6,333
11,,CMJ,11/21/2023,1:28 PM,93.82,3,,0,18.8,0.65,2538,30.0,461,2460,26.2,272
21,,CMJ,11/21/2023,1:27 PM,58.15,3,,0,11.0,0.38,1276,14.6,484,1280,22.0,256
1,,CMJ,11/21/2023,1:26 PM,74.35,3,,0,11.1,0.43,1893,22.8,411,1830,24.6,243
23,,CMJ,11/21/2023,1:24 PM,76.68,3,,0,17.3,0.64,2054,25.8,425,2038,26.6,258
36,,CMJ,11/21/2023,1:24 PM,90.24,3,,0,21.7,0.69,2376,29.5,509,2378,26.4,288
8,,CMJ,11/21/2023,1:23 PM,69.92,3,,0,13.5,0.45,1727,15.3,519,1740,24.9,240
17,,CMJ,11/21/2023,1:22 PM,65.11,3,,0,11.5,0.34,1412,21.4,512,1397,21.5,334
10,,CMJ,11/21/2023,1:21 PM,56.42,3,,0,10.2,0.34,1163,21.6,433,1134,20.1,337
28,,CMJ,11/21/2023,1:18 PM,63.8,3,,0,11.1,0.41,1677,28.8,410,1619,25.4,287
3,,CMJ,11/21/2023,1:17 PM,63.61,3,,0,13.8,0.49,1591,24.1,464,1582,24.9,256
19,,CMJ,11/21/2023,1:16 PM,78.12,3,,0,15.2,0.55,1880,26.6,440,1849,23.7,272
30,,CMJ,11/21/2023,1:15 PM,87.13,3,,0,15.1,0.43,1866,14.4,585,1939,22.3,302
33,,CMJ,11/21/2023,1:14 PM,93.04,3,,0,15.0,0.52,2310,20.4,482,2326,25.0,259
27,,CMJ,11/21/2023,1:14 PM,76.77,3,,0,6.8,0.25,1733,25.4,448,1679,21.9,244
35,,CMJ,11/21/2023,1:12 PM,68.84,3,,0,13.4,0.44,1755,20.6,487,1755,25.5,281
34,,CMJ,11/21/2023,1:12 PM,71.51,3,,0,11.1,0.3,1267,8.9,640,1546,21.6,296
29,,CMJ,11/21/2023,1:11 PM,92.14,3,,0,18.5,0.71,2512,24.7,418,2483,26.9,242
12,,CMJ,11/21/2023,1:10 PM,87.95,3,,0,17.1,0.63,2231,22.8,439,2239,25.5,249
16,,CMJ,11/21/2023,1:10 PM,87.68,3,,0,19.9,0.65,2341,21.9,522,2351,26.8,257
20,,CMJ,11/21/2023,1:09 PM,81.73,3,,0,14.5,0.5,1858,16.5,495,1961,24.0,248
32,,CMJ,11/21/2023,1:09 PM,89.07,3,,0,15.2,0.52,2269,20.6,494,2261,25.4,250
18,,CMJ,11/21/2023,1:08 PM,89.63,3,,0,16.3,0.51,2018,22.2,506,2050,22.9,310
15,,CMJ,11/21/2023,1:07 PM,53.71,3,,0,16.0,0.62,1493,22.5,419,1492,27.8,235
26,,CMJ,11/21/2023,1:02 PM,74.16,3,,0,9.5,0.28,1510,17.5,506,1505,20.3,346
23,,CMJ,11/21/2023,1:00 PM,76.74,3,,0,16.5,0.61,2054,26.0,434,2039,26.6,254
37,,CMJ,11/21/2023,1:00 PM,87.63,3,,0,13.5,0.41,2096,22.3,532,2094,23.9,316
4,,CMJ,11/21/2023,12:59 PM,61.71,3,,0,14.6,0.41,1225,9.5,624,1352,21.9,290
5,,CMJ,11/21/2023,12:59 PM,80.94,3,,0,13.7,0.38,1657,15.3,588,1663,20.5,345
6,,CMJ,11/21/2023,12:58 PM,57.39,3,,0,16.3,0.56,1483,28.5,453,1468,25.6,286
14,,CMJ,11/21/2023,12:57 PM,58.63,3,,0,8.4,0.26,1162,10.1,501,1173,20.0,313
9,,CMJ,11/21/2023,12:56 PM,65.42,3,,0,9.6,0.29,1342,15.4,529,1338,20.5,326
22,,CMJ,11/21/2023,12:55 PM,84.59,3,,0,17.3,0.58,2215,21.4,490,2210,26.1,273
13,,CMJ,11/21/2023,12:54 PM,64.93,3,,0,10.6,0.32,1414,19.6,492,1390,21.4,345
31,,CMJ,11/21/2023,12:53 PM,49.71,3,,0,10.8,0.39,1173,19.6,441,1162,23.4,267
14,,CMJ,11/16/2023,3:27 PM,60.55,3,,0,6.8,0.23,1169,10.6,493,1217,20.1,265
18,,CMJ,11/16/2023,3:27 PM,88.8,3,,0,17.2,0.54,2092,23.4,513,2086,23.5,298
20,,CMJ,11/16/2023,3:26 PM,81.75,3,,0,15.1,0.55,1958,16.5,463,2024,24.8,235
32,,CMJ,11/16/2023,3:25 PM,89.89,3,,0,15.7,0.56,2315,21.0,467,2313,25.7,243
9,,CMJ,11/16/2023,3:25 PM,65.67,3,,0,9.9,0.29,1371,18.2,528,1352,20.6,351
21,,CMJ,11/16/2023,3:24 PM,57.66,3,,0,11.8,0.45,1308,17.1,421,1309,22.7,248
12,,CMJ,11/16/2023,3:23 PM,86.7,3,,0,17.9,0.65,2143,20.5,458,2181,25.2,244
36,,CMJ,11/16/2023,3:21 PM,89.53,3,,0,22.8,0.73,2401,30.4,506,2398,26.8,290
8,,CMJ,11/16/2023,3:20 PM,69.58,3,,0,14.7,0.47,1811,14.3,589,1865,26.8,218
7,,CMJ,11/16/2023,3:20 PM,58.78,3,,0,9.4,0.3,1284,14.0,535,1283,21.8,287
17,,CMJ,11/16/2023,3:18 PM,65.53,3,,0,11.8,0.35,1445,24.2,517,1424,21.7,334
16,,CMJ,11/16/2023,3:16 PM,87.64,3,,0,20.5,0.63,2365,23.5,563,2357,26.9,261
19,,CMJ,11/16/2023,3:14 PM,78.39,3,,0,14.5,0.55,1956,33.1,395,1919,24.5,270
28,,CMJ,11/16/2023,3:13 PM,64.46,3,,0,10.2,0.39,1574,25.1,406,1554,24.1,261
3,,CMJ,11/16/2023,3:12 PM,63.84,3,,0,13.9,0.46,1556,22.8,490,1548,24.3,286
15,,CMJ,11/16/2023,2:58 PM,54.08,3,,0,15.7,0.62,1485,25.4,412,1477,27.3,237
1,,CMJ,11/16/2023,1:29 PM,75.63,3,,0,10.0,0.37,1906,23.2,410,1837,24.3,267
2,,CMJ,11/16/2023,1:27 PM,68.87,3,,0,8.5,0.26,1384,12.2,536,1399,20.3,283
23,,CMJ,11/16/2023,1:26 PM,76.27,3,,0,18.5,0.67,2116,27.5,441,2111,27.7,258
13,,CMJ,11/16/2023,1:25 PM,65.1,3,,0,10.6,0.33,1418,19.8,491,1395,21.4,337
34,,CMJ,11/16/2023,1:25 PM,70.48,3,,0,12.3,0.34,1317,9.7,623,1550,22.0,295
26,,CMJ,11/16/2023,1:24 PM,74.62,3,,0,10.5,0.32,1642,21.6,495,1599,21.4,353
35,,CMJ,11/16/2023,1:24 PM,68.72,3,,0,13.7,0.45,1740,20.4,500,1739,25.3,274
10,,CMJ,11/16/2023,1:23 PM,56.98,3,,0,10.3,0.35,1166,22.5,437,1145,20.1,312
27,,CMJ,11/16/2023,1:22 PM,77.63,3,,0,7.1,0.23,1658,19.4,509,1608,20.7,264
37,,CMJ,11/16/2023,1:22 PM,88.17,3,,0,13.3,0.4,2091,21.3,534,2085,23.6,328
4,,CMJ,11/16/2023,1:21 PM,62.42,3,,0,14.9,0.42,1261,10.9,614,1379,22.1,293
6,,CMJ,11/16/2023,1:21 PM,58.18,3,,0,16.1,0.57,1516,28.1,438,1492,25.6,282
33,,CMJ,11/16/2023,1:20 PM,92.37,3,,0,15.5,0.56,2407,22.1,462,2421,26.2,238
30,,CMJ,11/16/2023,1:17 PM,87.38,3,,0,15.7,0.45,1921,14.2,569,1930,22.1,309
31,,CMJ,11/16/2023,10:12 AM,50.28,3,,0,10.8,0.39,1148,18.1,445,1130,22.5,269
22,,CMJ,11/16/2023,10:12 AM,86.06,3,,0,16.9,0.52,2055,20.1,527,2049,23.8,294
5,,CMJ,11/16/2023,10:11 AM,80.18,3,,0,13.1,0.34,1593,13.7,638,1666,20.8,352
29,,CMJ,11/16/2023,10:10 AM,91.71,3,,0,17.6,0.68,2358,23.7,421,2380,26.0,242
16,,CMJ,11/15/2023,3:08 PM,86.82,3,,0,20.6,0.63,2316,20.6,569,2316,26.7,264
32,,CMJ,11/09/2023,3:37 PM,90.05,3,,0,15.3,0.52,2320,18.6,518,2322,25.8,236
20,,CMJ,11/09/2023,3:37 PM,82.95,3,,0,13.6,0.48,2077,14.4,504,2179,26.3,216
20,,CMJ,11/09/2023,3:34 PM,82.89,1,,0,14.8,0.45,1706,11.0,581,1891,22.8,257
11,,CMJ,11/09/2023,3:33 PM,94.16,3,,0,18.2,0.6,2460,26.5,487,2438,25.9,283
12,,CMJ,11/09/2023,3:31 PM,87.45,3,,0,17.0,0.57,2096,17.9,524,2198,25.1,244
17,,CMJ,11/09/2023,3:30 PM,65.67,3,,0,11.8,0.37,1412,19.0,498,1411,21.5,310
8,,CMJ,11/09/2023,3:29 PM,68.9,3,,0,13.8,0.44,1682,11.2,577,1780,25.8,223
9,,CMJ,11/09/2023,3:28 PM,66.11,3,,0,9.7,0.29,1361,16.1,538,1359,20.6,317
14,,CMJ,11/09/2023,3:27 PM,59.05,3,,0,7.5,0.24,1064,10.1,510,1238,21.0,270
18,,CMJ,11/09/2023,3:22 PM,89.23,3,,0,17.0,0.58,2088,20.6,478,2113,23.7,269
36,,CMJ,11/09/2023,3:20 PM,90.9,3,,0,22.0,0.69,2366,27.4,529,2375,26.1,279
21,,CMJ,11/09/2023,3:19 PM,57.61,3,,0,11.7,0.47,1428,13.2,417,1450,25.2,213
7,,CMJ,11/09/2023,3:19 PM,59.37,3,,0,8.8,0.26,1248,8.3,623,1276,21.5,255
15,,CMJ,11/09/2023,3:18 PM,54.64,3,,0,15.3,0.74,1778,30.0,337,1769,32.4,192
31,,CMJ,11/09/2023,3:17 PM,49.57,3,,0,11.5,0.43,1189,21.8,425,1175,23.7,263
3,,CMJ,11/09/2023,3:16 PM,64.2,3,,0,13.4,0.46,1583,23.5,475,1574,24.5,262
28,,CMJ,11/09/2023,3:15 PM,64.58,3,,0,9.6,0.36,1625,25.6,403,1596,24.7,274
19,,CMJ,11/09/2023,3:14 PM,77.68,3,,0,14.7,0.55,1915,31.1,416,1906,24.5,266
5,,CMJ,11/09/2023,1:28 PM,79.68,3,,0,13.0,0.34,1483,11.1,651,1672,21.0,329
34,,CMJ,11/09/2023,1:25 PM,70.53,3,,0,11.3,0.35,1508,10.8,596,1655,23.5,235
35,,CMJ,11/09/2023,1:25 PM,68.6,3,,0,12.9,0.42,1712,18.6,512,1709,24.9,277
10,,CMJ,11/09/2023,1:21 PM,56.88,3,,0,9.7,0.32,1154,21.2,441,1146,20.1,333
26,,CMJ,11/09/2023,1:21 PM,74.8,3,,0,10.2,0.28,1521,17.5,559,1506,20.1,355
1,,CMJ,11/09/2023,1:18 PM,75.71,3,,0,10.9,0.41,1983,24.9,411,1907,25.2,267
13,,CMJ,11/09/2023,1:16 PM,65.21,3,,0,10.9,0.33,1440,20.3,502,1413,21.7,331
16,,CMJ,11/09/2023,1:15 PM,88.77,3,,0,19.8,0.66,2427,22.3,520,2415,27.2,243
4,,CMJ,11/09/2023,1:14 PM,62.22,3,,0,14.1,0.41,1271,10.1,614,1401,22.5,265
6,,CMJ,11/09/2023,1:14 PM,58.11,3,,0,15.3,0.5,1413,24.9,467,1408,24.2,308
37,,CMJ,11/09/2023,1:13 PM,88.1,3,,0,13.9,0.44,2158,23.1,518,2160,24.5,286
27,,CMJ,11/09/2023,1:13 PM,77.19,3,,0,7.1,0.26,1749,25.9,442,1693,21.9,248
23,,CMJ,11/09/2023,1:12 PM,76.06,3,,0,17.6,0.6,1972,24.8,476,1958,25.7,272
30,,CMJ,11/09/2023,1:11 PM,87.17,3,,0,15.2,0.4,1775,11.0,671,2000,22.9,292
33,,CMJ,11/09/2023,1:10 PM,92.74,3,,0,14.8,0.52,2412,19.7,478,2441,26.3,244
22,,CMJ,11/09/2023,10:30 AM,86.09,3,,0,16.8,0.54,2020,19.9,506,2023,23.5,285
38,,CMJ,11/09/2023,10:29 AM,84.44,3,,0,13.6,0.5,2145,21.2,460,2168,25.7,231
29,,CMJ,11/09/2023,10:29 AM,92.08,3,,0,16.7,0.68,2491,24.8,399,2511,27.3,223
7,,CMJ,10/31/2023,3:27 PM,58.08,3,,0,9.8,0.36,1087,6.9,467,1245,21.4,283
14,,CMJ,10/31/2023,3:24 PM,58.92,3,,0,7.3,0.25,1163,18.6,431,1160,19.7,300
9,,CMJ,10/31/2023,3:24 PM,65.61,3,,0,10.2,0.31,1326,14.1,529,1327,20.2,300
8,,CMJ,10/31/2023,3:23 PM,68.64,3,,0,14.0,0.46,1729,12.6,566,1858,27.1,211
17,,CMJ,10/31/2023,3:21 PM,65.78,3,,0,11.4,0.33,1398,19.1,535,1383,21.0,334
12,,CMJ,10/31/2023,3:20 PM,86.5,3,,0,17.7,0.61,2098,18.7,489,2189,25.3,247
11,,CMJ,10/31/2023,3:19 PM,94.24,3,,0,18.9,0.61,2429,26.9,496,2392,25.4,287
21,,CMJ,10/31/2023,3:18 PM,57.12,3,,0,11.3,0.45,1353,17.3,399,1339,23.5,240
3,,CMJ,10/31/2023,3:17 PM,64.18,3,,0,13.4,0.44,1565,23.4,504,1559,24.3,278
28,,CMJ,10/31/2023,3:16 PM,62.85,3,,0,12.1,0.44,1595,25.6,407,1587,25.3,295
19,,CMJ,10/31/2023,3:14 PM,78.31,3,,0,14.9,0.56,1958,34.0,417,1934,24.7,259
31,,CMJ,10/31/2023,3:12 PM,50.19,3,,0,11.1,0.34,1115,15.0,536,1111,22.1,294
32,,CMJ,10/31/2023,3:11 PM,89.59,3,,0,15.8,0.52,2205,18.5,515,2207,24.6,255
18,,CMJ,10/31/2023,3:11 PM,89.19,3,,0,17.3,0.56,2037,20.8,502,2098,23.5,281
15,,CMJ,10/31/2023,3:08 PM,54.78,3,,0,15.7,0.64,1602,29.0,394,1592,29.1,231
24,,CMJ,10/31/2023,1:22 PM,74.56,3,,0,10.7,0.33,1474,12.9,538,1579,21.2,296
10,,CMJ,10/31/2023,1:21 PM,57.1,3,,0,10.7,0.36,1185,21.5,434,1189,20.8,317
2,,CMJ,10/31/2023,1:20 PM,67.74,3,,0,8.5,0.22,1285,12.4,616,1295,19.1,362
35,,CMJ,10/31/2023,1:18 PM,69.63,3,,0,13.1,0.42,1749,19.9,509,1743,25.0,284
1,,CMJ,10/31/2023,1:17 PM,74.79,3,,0,10.6,0.4,1964,24.0,409,1917,25.6,261
13,,CMJ,10/31/2023,1:15 PM,64.89,3,,0,10.3,0.31,1387,20.2,490,1367,21.1,348
33,,CMJ,10/31/2023,1:13 PM,93.17,3,,0,15.0,0.5,2382,22.7,485,2381,25.6,270
37,,CMJ,10/31/2023,1:12 PM,87.74,3,,0,12.8,0.37,2006,18.7,561,2015,23.0,328
23,,CMJ,10/31/2023,1:11 PM,75.37,3,,0,17.4,0.59,1950,22.4,487,1945,25.8,266
4,,CMJ,10/31/2023,1:10 PM,61.74,3,,0,14.4,0.4,1312,10.5,634,1364,22.1,274
6,,CMJ,10/31/2023,1:10 PM,57.68,3,,0,15.4,0.51,1461,24.9,477,1449,25.1,294
26,,CMJ,10/31/2023,1:08 PM,75.56,3,,0,10.2,0.28,1439,14.1,582,1477,19.6,363
27,,CMJ,10/31/2023,12:59 PM,76.63,3,,0,7.8,0.26,1656,18.5,506,1630,21.3,265
22,,CMJ,10/31/2023,10:13 AM,85.79,3,,0,16.2,0.46,1798,13.5,623,1922,22.4,283
29,,CMJ,10/31/2023,10:12 AM,90.71,3,,0,18.3,0.67,2451,25.5,441,2431,26.8,250
39,,CMJ,10/31/2023,10:12 AM,98.18,3,,0,12.4,0.33,1938,14.0,661,2091,21.3,316
5,,CMJ,10/31/2023,10:11 AM,79.88,3,,0,13.2,0.36,1599,15.4,609,1671,20.9,346
38,,CMJ,10/31/2023,10:10 AM,83.56,3,,0,13.9,0.45,2079,18.4,532,2073,24.8,260
39,,CMJ,10/27/2023,3:04 PM,100.21,3,,0,13.1,0.38,2242,19.3,568,2241,22.4,308
11,,CMJ,10/26/2023,3:24 PM,94.89,3,,0,19.2,0.63,2588,30.0,486,2535,26.7,287
14,,CMJ,10/26/2023,3:22 PM,58.16,3,,0,7.8,0.29,1199,18.3,398,1164,20.0,286
9,,CMJ,10/26/2023,3:21 PM,66.46,3,,0,10.0,0.32,1406,15.5,513,1417,21.3,285
18,,CMJ,10/26/2023,3:20 PM,90.32,3,,0,16.9,0.57,1997,17.4,487,2222,24.6,265
20,,CMJ,10/26/2023,3:19 PM,82.18,3,,0,14.1,0.45,1932,13.1,568,2000,24.3,236
32,,CMJ,10/26/2023,3:18 PM,90.18,3,,0,15.4,0.54,2309,17.1,499,2316,25.7,234
12,,CMJ,10/26/2023,3:17 PM,86.71,3,,0,17.5,0.61,2225,18.2,495,2278,26.3,234
36,,CMJ,10/26/2023,3:15 PM,90.08,3,,0,22.5,0.79,2398,27.0,452,2413,26.8,270
8,,CMJ,10/26/2023,3:14 PM,69.33,3,,0,13.3,0.46,1782,11.3,538,1922,27.7,204
7,,CMJ,10/26/2023,3:14 PM,58.38,3,,0,10.6,0.55,889,2.4,304,1294,22.2,268
3,,CMJ,10/26/2023,3:13 PM,63.84,3,,0,13.8,0.48,1636,25.0,468,1618,25.3,264
17,,CMJ,10/26/2023,3:12 PM,65.14,3,,0,11.6,0.38,1496,24.5,467,1460,22.4,303
28,,CMJ,10/26/2023,3:11 PM,63.84,3,,0,10.6,0.41,1651,25.4,397,1623,25.4,263
19,,CMJ,10/26/2023,3:10 PM,78.25,3,,0,14.5,0.55,1895,27.0,418,1884,24.1,256
15,,CMJ,10/26/2023,3:09 PM,55.06,3,,0,15.2,0.65,1619,28.9,380,1605,29.2,219
31,,CMJ,10/26/2023,2:54 PM,48.4,3,,0,11.7,0.43,1170,21.5,422,1166,24.1,260
40,,CMJ,10/26/2023,1:10 PM,66.54,3,,0,12.1,0.34,1525,20.9,559,1520,22.8,342
10,,CMJ,10/26/2023,1:09 PM,53.82,3,,0,14.0,0.43,1136,19.2,448,1135,21.1,388
30,,CMJ,10/26/2023,1:09 PM,87.41,3,,0,15.6,0.43,1917,13.3,628,1962,22.4,290
4,,CMJ,10/26/2023,1:08 PM,61.18,3,,0,14.9,0.4,1143,8.5,653,1365,22.3,284
5,,CMJ,10/26/2023,1:05 PM,80.96,3,,0,13.1,0.36,1666,14.3,616,1701,21.0,304
23,,CMJ,10/26/2023,1:04 PM,75.49,3,,0,16.8,0.59,2040,24.3,466,2034,26.9,258
24,,CMJ,10/26/2023,1:03 PM,74.58,3,,0,11.5,0.35,1468,12.0,559,1609,21.6,286
6,,CMJ,10/26/2023,1:03 PM,57.86,3,,0,15.2,0.49,1411,23.9,486,1402,24.2,304
16,,CMJ,10/26/2023,1:02 PM,87.42,3,,0,19.7,0.68,2335,21.3,489,2341,26.8,248
33,,CMJ,10/26/2023,1:01 PM,93.29,3,,0,14.8,0.5,2302,19.3,496,2304,24.7,262
35,,CMJ,10/26/2023,1:01 PM,69.16,3,,0,12.0,0.33,1509,13.7,604,1521,22.0,322
34,,CMJ,10/26/2023,1:00 PM,70.12,3,,0,11.4,0.37,1503,11.1,535,1588,22.6,243
26,,CMJ,10/26/2023,1:00 PM,75.03,3,,0,9.2,0.28,1537,16.6,510,1531,20.4,332
13,,CMJ,10/26/2023,12:59 PM,64.5,3,,0,10.2,0.3,1237,16.3,522,1238,19.2,351
27,,CMJ,10/26/2023,12:58 PM,77.78,3,,0,6.9,0.23,1625,20.0,483,1594,20.5,286
37,,CMJ,10/26/2023,12:58 PM,88.1,3,,0,14.5,0.44,2110,20.4,541,2149,24.5,298
22,,CMJ,10/26/2023,10:26 AM,85.61,3,,0,16.6,0.47,1874,16.1,620,1949,22.8,292
29,,CMJ,10/26/2023,10:26 AM,92.8,3,,0,17.1,0.65,2440,24.9,429,2480,26.7,237
19,,CMJ,10/24/2023,3:28 PM,77.62,3,,0,13.3,0.47,1829,29.3,457,1820,23.4,268
17,,CMJ,10/24/2023,3:26 PM,64.48,3,,0,11.8,0.36,1368,17.6,527,1366,21.2,307
9,,CMJ,10/24/2023,3:24 PM,65.3,3,,0,10.1,0.32,1342,14.2,505,1371,21.0,298
14,,CMJ,10/24/2023,3:24 PM,57.37,3,,0,8.0,0.28,1080,13.3,434,1138,19.8,293
7,,CMJ,10/24/2023,3:23 PM,58.48,3,,0,8.7,0.26,1175,7.9,603,1200,20.5,283
3,,CMJ,10/24/2023,3:22 PM,63.69,3,,0,13.9,0.46,1598,24.1,501,1594,25.0,268
21,,CMJ,10/24/2023,3:22 PM,56.91,3,,0,11.1,0.46,1329,17.5,374,1337,23.5,238
28,,CMJ,10/24/2023,3:21 PM,64.17,3,,0,10.1,0.4,1646,26.5,387,1615,25.2,263
36,,CMJ,10/24/2023,3:19 PM,89.82,3,,0,22.7,0.73,2394,27.9,508,2402,26.7,277
23,,CMJ,10/24/2023,3:17 PM,73.87,3,,0,18.2,0.65,2069,25.9,456,2061,27.9,251
31,,CMJ,10/24/2023,3:17 PM,48.99,3,,0,11.5,0.4,1099,17.6,457,1086,22.2,282
32,,CMJ,10/24/2023,3:16 PM,89.44,3,,0,15.8,0.54,2264,18.9,503,2262,25.3,246
18,,CMJ,10/24/2023,3:15 PM,90.04,3,,0,17.2,0.6,2119,22.6,461,2137,23.7,271
15,,CMJ,10/24/2023,3:15 PM,53.48,3,,0,16.4,0.67,1527,25.8,402,1523,28.5,222
12,,CMJ,10/24/2023,3:14 PM,86.54,3,,0,18.1,0.61,2171,20.5,497,2188,25.3,253
11,,CMJ,10/24/2023,3:13 PM,95.41,3,,0,18.9,0.65,2547,27.8,469,2498,26.2,273
8,,CMJ,10/24/2023,3:12 PM,68.96,3,,0,13.3,0.4,1553,9.8,608,1712,24.8,235
40,,CMJ,10/24/2023,1:31 PM,65.81,3,,0,13.2,0.33,1458,18.1,624,1455,22.1,389
1,,CMJ,10/24/2023,1:23 PM,74.12,3,,0,11.5,0.43,1937,24.0,416,1902,25.7,263
35,,CMJ,10/24/2023,1:22 PM,68.58,3,,0,13.3,0.39,1640,16.4,562,1642,23.9,297
10,,CMJ,10/24/2023,1:21 PM,56.89,3,,0,10.0,0.29,1185,20.7,488,1170,20.6,394
30,,CMJ,10/24/2023,1:18 PM,86.9,3,,0,16.0,0.42,1803,11.2,661,1913,22.0,311
33,,CMJ,10/24/2023,1:18 PM,93.29,3,,0,15.5,0.5,2306,19.0,512,2307,24.7,274
26,,CMJ,10/24/2023,1:16 PM,74.55,3,,0,9.9,0.28,1465,16.1,546,1480,19.9,361
20,,CMJ,10/24/2023,1:15 PM,79.14,3,,0,14.6,0.38,1574,9.4,714,1818,23.0,271
24,,CMJ,10/24/2023,1:14 PM,73.67,3,,0,11.6,0.37,1508,12.7,520,1584,21.5,279
13,,CMJ,10/24/2023,1:14 PM,64.43,3,,0,10.2,0.3,1341,18.5,514,1329,20.6,346
27,,CMJ,10/24/2023,1:13 PM,76.66,3,,0,8.2,0.26,1537,15.8,520,1515,19.8,297
37,,CMJ,10/24/2023,1:13 PM,87.22,3,,0,13.1,0.41,2037,18.5,521,2031,23.3,303
16,,CMJ,10/24/2023,1:12 PM,87.04,3,,0,19.7,0.61,2226,21.0,549,2251,25.9,272
34,,CMJ,10/24/2023,1:11 PM,70.86,3,,0,12.1,0.42,1587,10.0,512,1774,25.0,214
4,,CMJ,10/24/2023,1:11 PM,61.62,3,,0,14.8,0.4,1276,11.2,641,1349,21.9,289
6,,CMJ,10/24/2023,1:00 PM,57.62,3,,0,15.9,0.52,1428,26.9,479,1420,24.7,299
39,,CMJ,10/24/2023,10:10 AM,99.07,3,,0,10.6,0.26,2065,19.1,651,2041,20.6,390
5,,CMJ,10/24/2023,10:10 AM,80.56,3,,0,13.7,0.39,1695,16.0,559,1697,21.1,346
22,,CMJ,10/24/2023,10:09 AM,85.33,3,,0,16.5,0.52,2053,17.5,542,2052,24.0,273
29,,CMJ,10/24/2023,10:08 AM,93.01,3,,0,17.5,0.61,2396,21.5,473,2389,25.7,255
38,,CMJ,10/19/2023,10:38 AM,83.36,3,,0,13.9,0.47,2060,20.0,500,2036,24.4,255
29,,CMJ,10/19/2023,10:37 AM,93.04,3,,0,16.3,0.59,2308,22.7,448,2356,25.3,252
19,,CMJ,10/17/2023,3:26 PM,77.09,3,,0,13.6,0.47,1769,28.3,444,1753,22.7,296
12,,CMJ,10/17/2023,3:22 PM,86.44,3,,0,17.1,0.59,2085,17.1,503,2188,25.3,243
28,,CMJ,10/17/2023,3:21 PM,64.72,3,,0,9.6,0.36,1619,24.2,409,1596,24.7,272
9,,CMJ,10/17/2023,3:15 PM,65.2,3,,0,10.7,0.29,1199,11.0,627,1310,20.1,325
14,,CMJ,10/17/2023,3:15 PM,58.21,3,,0,7.4,0.24,1051,13.5,458,1156,19.9,308
32,,CMJ,10/17/2023,3:14 PM,89.44,3,,0,15.6,0.54,2275,16.8,489,2280,25.5,243
18,,CMJ,10/17/2023,3:13 PM,88.94,3,,0,17.4,0.56,1919,17.0,504,2107,23.7,278
36,,CMJ,10/17/2023,3:12 PM,90.08,3,,0,21.7,0.72,2308,25.7,484,2337,25.9,276
15,,CMJ,10/17/2023,3:11 PM,54.0,3,,0,15.5,0.59,1461,21.4,432,1472,27.3,233
3,,CMJ,10/17/2023,3:10 PM,63.96,3,,0,13.4,0.45,1545,21.7,492,1538,24.1,270
11,,CMJ,10/17/2023,3:09 PM,93.83,3,,0,18.8,0.6,2433,26.2,502,2406,25.6,294
21,,CMJ,10/17/2023,3:09 PM,57.1,3,,0,10.8,0.38,1252,13.7,476,1283,22.5,251
31,,CMJ,10/17/2023,3:04 PM,48.85,3,,0,11.3,0.41,1165,21.6,422,1150,23.5,281
1,,CMJ,10/17/2023,1:21 PM,74.6,3,,0,11.3,0.43,1946,27.0,408,1877,25.2,263
24,,CMJ,10/17/2023,1:19 PM,74.44,3,,0,11.4,0.36,1472,13.0,532,1607,21.6,283
30,,CMJ,10/17/2023,1:19 PM,86.51,3,,0,15.6,0.44,1905,13.4,616,1967,22.7,294
33,,CMJ,10/17/2023,1:18 PM,92.34,3,,0,14.3,0.48,2272,20.7,492,2272,24.6,261
6,,CMJ,10/17/2023,1:17 PM,57.21,3,,0,15.2,0.51,1416,24.7,470,1398,24.4,294
2,,CMJ,10/17/2023,1:17 PM,66.84,3,,0,9.0,0.24,1291,12.6,606,1294,19.4,362
35,,CMJ,10/17/2023,1:16 PM,67.77,3,,0,14.3,0.42,1587,15.7,549,1595,23.5,310
16,,CMJ,10/17/2023,1:16 PM,85.43,3,,0,19.9,0.67,2286,25.5,491,2280,26.7,262
34,,CMJ,10/17/2023,1:15 PM,70.14,3,,0,12.5,0.36,1405,9.1,618,1605,22.9,262
10,,CMJ,10/17/2023,1:14 PM,56.75,3,,0,9.4,0.28,1158,19.5,478,1138,20.1,382
26,,CMJ,10/17/2023,1:14 PM,74.51,3,,0,9.7,0.27,1526,16.4,562,1514,20.3,347
13,,CMJ,10/17/2023,1:13 PM,64.44,3,,0,9.9,0.27,1269,15.1,578,1263,19.6,372
37,,CMJ,10/17/2023,1:12 PM,86.85,3,,0,13.0,0.32,1840,14.5,692,1862,21.4,370
27,,CMJ,10/17/2023,1:11 PM,77.01,3,,0,7.8,0.26,1638,18.7,495,1589,20.6,277
23,,CMJ,10/17/2023,1:09 PM,73.67,3,,0,18.1,0.63,1997,27.4,466,1993,27.1,263
22,,CMJ,10/17/2023,10:45 AM,84.68,3,,0,16.4,0.51,1977,16.6,535,1988,23.5,281
9,,CMJ,10/10/2023,3:28 PM,66.62,4,,0,8.3,0.3,1708,27.3,430,1454,21.8,276
14,,CMJ,10/10/2023,3:25 PM,59.29,3,,0,7.6,0.28,1066,10.9,395,1160,19.6,311
7,,CMJ,10/10/2023,3:24 PM,59.29,3,,0,8.6,0.27,1216,13.2,545,1228,20.7,276
11,,CMJ,10/10/2023,3:24 PM,94.02,3,,0,18.3,0.61,2390,24.8,478,2345,24.9,288
15,,CMJ,10/10/2023,3:22 PM,53.65,3,,0,15.6,0.64,1558,25.5,408,1550,28.9,215
8,,CMJ,10/10/2023,3:22 PM,68.2,3,,0,12.9,0.51,1657,9.6,450,1965,28.8,194
18,,CMJ,10/10/2023,3:21 PM,89.49,3,,0,16.6,0.54,1994,13.5,520,2252,25.2,256
32,,CMJ,10/10/2023,3:20 PM,88.73,3,,0,16.2,0.55,2140,17.9,502,2160,24.3,255
12,,CMJ,10/10/2023,3:19 PM,86.27,3,,0,17.6,0.6,2126,17.3,510,2231,25.9,237
36,,CMJ,10/10/2023,3:18 PM,89.87,3,,0,21.5,0.73,2257,24.2,479,2300,25.6,270
21,,CMJ,10/10/2023,3:17 PM,57.41,3,,0,9.5,0.44,1510,16.6,362,1533,26.7,193
3,,CMJ,10/10/2023,3:16 PM,63.88,3,,0,13.3,0.49,1579,24.9,440,1581,24.7,257
31,,CMJ,10/10/2023,3:15 PM,48.45,3,,0,11.4,0.45,1136,18.8,398,1131,23.3,244
17,,CMJ,10/10/2023,3:12 PM,64.79,3,,0,10.9,0.33,1435,19.9,516,1419,21.9,315
28,,CMJ,10/10/2023,3:11 PM,64.73,3,,0,9.6,0.4,1610,24.3,368,1587,24.5,246
19,,CMJ,10/10/2023,2:59 PM,77.68,3,,0,14.4,0.54,1868,25.8,407,1857,23.9,263
10,,CMJ,10/10/2023,2:00 PM,57.07,3,,0,9.9,0.28,1148,19.5,511,1140,20.0,397
34,,CMJ,10/10/2023,2:00 PM,72.03,3,,0,11.4,0.36,1492,10.6,571,1638,22.7,245
35,,CMJ,10/10/2023,1:59 PM,68.39,3,,0,12.1,0.36,1647,16.8,560,1647,24.1,296
2,,CMJ,10/10/2023,1:58 PM,68.13,3,,0,7.7,0.21,1313,13.5,590,1312,19.3,352
1,,CMJ,10/10/2023,1:57 PM,73.53,3,,0,10.3,0.38,1851,23.0,419,1829,24.9,262
33,,CMJ,10/10/2023,1:54 PM,92.44,3,,0,13.2,0.45,2331,24.4,471,2312,25.0,267
30,,CMJ,10/10/2023,1:53 PM,87.0,3,,0,15.2,0.41,1892,12.5,657,1948,22.4,285
6,,CMJ,10/10/2023,1:52 PM,57.77,3,,0,14.5,0.51,1396,26.5,444,1393,24.1,287
23,,CMJ,10/10/2023,1:51 PM,74.16,3,,0,17.5,0.61,2036,25.6,470,2031,27.4,255
13,,CMJ,10/10/2023,1:51 PM,64.3,3,,0,9.6,0.27,1256,15.4,548,1256,19.5,374
4,,CMJ,10/10/2023,1:49 PM,62.86,3,,0,14.1,0.42,1417,14.1,580,1417,22.5,279
16,,CMJ,10/10/2023,1:48 PM,86.6,3,,0,19.4,0.63,2307,21.8,520,2308,26.7,259
37,,CMJ,10/10/2023,1:47 PM,87.23,3,,0,12.5,0.39,1945,14.6,579,1964,22.5,310
26,,CMJ,10/10/2023,1:46 PM,74.3,3,,0,9.3,0.27,1509,13.3,537,1503,20.2,345
27,,CMJ,10/10/2023,1:45 PM,75.86,3,,0,7.1,0.21,1461,14.3,548,1439,19.0,312
29,,CMJ,10/10/2023,10:43 AM,94.5,3,,0,16.7,0.62,2383,22.7,439,2425,25.7,252
39,,CMJ,10/10/2023,10:43 AM,97.27,3,,0,12.4,0.37,2119,17.0,545,2119,21.8,308
22,,CMJ,10/10/2023,10:42 AM,84.89,3,,0,16.1,0.5,2017,18.0,535,2040,24.0,279
38,,CMJ,10/10/2023,10:42 AM,81.78,3,,0,13.4,0.47,2007,18.8,482,1994,24.4,250
5,,CMJ,10/10/2023,10:41 AM,79.61,3,,0,13.2,0.4,1708,18.3,518,1709,21.5,327
17,,CMJ,10/03/2023,3:34 PM,65.47,3,,0,9.6,0.24,1220,13.8,634,1219,18.6,381
12,,CMJ,10/03/2023,3:28 PM,86.26,3,,0,15.9,0.55,2092,16.4,507,2237,25.9,230
11,,CMJ,10/03/2023,3:26 PM,93.94,3,,0,18.0,0.58,2451,26.8,516,2416,25.7,279
32,,CMJ,10/03/2023,3:24 PM,88.57,3,,0,16.0,0.51,2119,15.5,543,2131,24.1,252
18,,CMJ,10/03/2023,3:23 PM,90.04,3,,0,16.7,0.5,1933,14.1,561,2087,23.2,285
20,,CMJ,10/03/2023,3:22 PM,84.19,3,,0,12.8,0.37,1714,9.6,660,1990,23.6,254
28,,CMJ,10/03/2023,3:21 PM,63.65,3,,0,11.7,0.47,1546,22.4,370,1542,24.2,258
19,,CMJ,10/03/2023,3:20 PM,77.69,3,,0,12.8,0.46,1732,25.5,433,1774,22.8,269
7,,CMJ,10/03/2023,3:19 PM,58.72,3,,0,7.7,0.3,1347,9.6,460,1430,24.4,203
8,,CMJ,10/03/2023,3:18 PM,68.36,3,,0,12.6,0.54,1836,10.5,422,2163,31.6,175
3,,CMJ,10/03/2023,3:17 PM,64.26,3,,0,13.7,0.44,1498,20.4,508,1494,23.2,287
14,,CMJ,10/03/2023,3:16 PM,59.65,3,,0,6.5,0.19,1081,11.0,532,1100,18.4,337
21,,CMJ,10/03/2023,3:16 PM,57.3,3,,0,8.4,0.34,1278,14.2,401,1308,22.8,232
36,,CMJ,10/03/2023,3:14 PM,89.06,3,,0,20.5,0.64,2218,23.9,517,2212,24.8,299
15,,CMJ,10/03/2023,3:09 PM,53.96,3,,0,15.5,0.57,1483,22.7,455,1479,27.4,238
31,,CMJ,10/03/2023,3:00 PM,48.7,3,,0,10.8,0.42,1144,18.1,411,1134,23.3,255
30,,CMJ,10/03/2023,1:47 PM,86.97,3,,0,14.7,0.39,1799,11.0,664,1897,21.8,295
33,,CMJ,10/03/2023,1:46 PM,92.3,3,,0,13.6,0.45,2226,22.2,497,2211,24.0,274
10,,CMJ,10/03/2023,1:45 PM,56.22,3,,0,9.5,0.26,1090,18.8,524,1085,19.3,413
2,,CMJ,10/03/2023,1:45 PM,67.03,3,,0,7.9,0.21,1237,11.7,623,1252,18.7,354
24,,CMJ,10/03/2023,1:44 PM,75.32,3,,0,10.6,0.32,1469,12.2,535,1501,19.9,313
26,,CMJ,10/03/2023,1:42 PM,74.29,3,,0,9.4,0.28,1548,15.0,537,1535,20.7,328
40,,CMJ,10/03/2023,1:41 PM,63.54,3,,0,12.0,0.33,1461,21.8,572,1442,22.7,364
35,,CMJ,10/03/2023,1:40 PM,68.59,3,,0,12.1,0.33,1523,15.0,622,1524,22.2,322
34,,CMJ,10/03/2023,1:39 PM,70.78,3,,0,12.3,0.32,1227,6.7,663,1521,21.5,310
6,,CMJ,10/03/2023,1:39 PM,57.28,3,,0,14.9,0.45,1333,16.8,538,1333,23.3,297
4,,CMJ,10/03/2023,1:38 PM,62.17,3,,0,13.7,0.38,1303,11.9,633,1326,21.3,293
37,,CMJ,10/03/2023,1:37 PM,85.48,3,,0,12.3,0.27,1706,11.8,797,1726,20.2,372
16,,CMJ,10/03/2023,1:36 PM,85.7,3,,0,18.9,0.51,1984,13.3,680,2051,23.9,269
23,,CMJ,10/03/2023,1:35 PM,75.2,3,,0,17.3,0.58,1987,25.0,490,1975,26.3,265
1,,CMJ,10/03/2023,1:34 PM,74.17,3,,0,11.3,0.38,1852,22.7,475,1808,24.4,282
13,,CMJ,10/03/2023,1:33 PM,64.84,3,,0,9.4,0.24,1147,11.6,631,1202,18.5,387
27,,CMJ,10/03/2023,1:32 PM,75.16,3,,0,7.7,0.18,1359,9.6,730,1365,18.2,386
38,,CMJ,10/03/2023,10:18 AM,83.11,3,,0,13.8,0.49,2122,20.4,467,2122,25.5,243
22,,CMJ,10/03/2023,10:18 AM,84.27,3,,0,16.1,0.52,2086,15.9,553,2171,25.8,241
5,,CMJ,10/03/2023,10:17 AM,80.25,3,,0,13.4,0.41,1731,17.7,502,1749,21.8,322
29,,CMJ,10/03/2023,10:17 AM,95.6,3,,0,17.1,0.63,2390,22.6,437,2406,25.2,253
39,,CMJ,10/03/2023,10:16 AM,98.27,3,,0,12.2,0.3,1832,11.0,692,2099,21.4,372
8,,CMJ,09/26/2023,3:25 PM,67.86,3,,0,12.2,0.5,1691,10.8,434,1958,28.9,190
12,,CMJ,09/26/2023,3:23 PM,87.1,3,,0,15.2,0.48,2173,12.6,605,2406,27.6,216
32,,CMJ,09/26/2023,3:20 PM,89.78,3,,0,15.7,0.5,2100,13.0,546,2157,24.0,249
18,,CMJ,09/26/2023,3:19 PM,90.66,3,,0,17.1,0.46,1928,12.9,626,2152,23.7,312
31,,CMJ,09/26/2023,3:18 PM,48.63,3,,0,10.9,0.42,1145,19.4,401,1135,23.3,257
11,,CMJ,09/26/2023,3:17 PM,95.13,3,,0,18.5,0.48,2218,16.4,663,2247,23.6,318
7,,CMJ,09/26/2023,3:16 PM,59.79,3,,0,9.7,0.47,934,3.6,329,1337,22.4,270
14,,CMJ,09/26/2023,3:15 PM,59.32,3,,0,7.0,0.17,1053,10.3,643,1054,17.8,417
21,,CMJ,09/26/2023,3:14 PM,57.77,3,,0,10.6,0.5,1003,4.6,414,1373,23.8,235
17,,CMJ,09/26/2023,3:12 PM,64.2,3,,0,10.0,0.28,1233,12.5,593,1238,19.3,324
36,,CMJ,09/26/2023,3:11 PM,89.44,3,,0,20.5,0.58,1917,12.1,628,2239,25.0,266
3,,CMJ,09/26/2023,3:10 PM,64.82,3,,0,13.2,0.44,1560,20.5,493,1553,24.0,265
15,,CMJ,09/26/2023,3:09 PM,53.95,3,,0,15.9,0.6,1457,20.0,448,1463,27.1,226
9,,CMJ,09/26/2023,3:08 PM,66.52,3,,0,5.7,0.29,1506,4.9,339,1997,30.0,162
28,,CMJ,09/26/2023,3:06 PM,64.51,3,,0,10.0,0.41,1642,25.5,374,1604,24.9,248
19,,CMJ,09/26/2023,3:04 PM,77.83,3,,0,14.6,0.49,1786,25.5,479,1819,23.4,294
37,,CMJ,09/26/2023,2:55 PM,87.16,3,,0,12.0,0.28,1830,12.6,754,1835,21.1,324
35,,CMJ,09/26/2023,1:21 PM,69.85,3,,0,12.5,0.32,1471,11.8,662,1482,21.2,325
34,,CMJ,09/26/2023,1:20 PM,71.9,1,,0,12.1,0.25,1170,5.2,894,1528,21.3,327
26,,CMJ,09/26/2023,1:19 PM,74.77,3,,0,9.9,0.28,1448,12.2,570,1514,20.2,343
2,,CMJ,09/26/2023,1:18 PM,67.61,3,,0,8.5,0.2,1218,9.1,737,1270,18.8,360
27,,CMJ,09/26/2023,1:17 PM,75.76,3,,0,8.1,0.22,1466,12.4,628,1451,19.2,325
10,,CMJ,09/26/2023,1:17 PM,56.7,3,,0,10.0,0.26,1069,15.6,581,1100,19.4,390
1,,CMJ,09/26/2023,1:16 PM,75.55,3,,0,10.3,0.37,1862,20.3,439,1835,24.3,261
40,,CMJ,09/26/2023,1:14 PM,63.77,3,,0,12.3,0.31,1356,16.6,658,1360,21.3,377
13,,CMJ,09/26/2023,1:14 PM,64.94,3,,0,9.0,0.25,1126,11.3,570,1253,19.3,342
30,,CMJ,09/26/2023,1:12 PM,85.72,2,,0,15.6,0.37,1627,7.8,809,2053,24.0,274
33,,CMJ,09/26/2023,1:11 PM,92.23,3,,0,13.9,0.4,2079,15.0,582,2078,22.5,299
4,,CMJ,09/26/2023,1:10 PM,63.0,3,,0,13.8,0.31,1265,9.6,773,1277,20.3,364
6,,CMJ,09/26/2023,1:10 PM,57.92,3,,0,16.5,0.47,1400,17.7,565,1397,24.1,331
23,,CMJ,09/26/2023,1:08 PM,75.51,3,,0,16.4,0.51,1951,22.7,538,1940,25.7,278
16,,CMJ,09/26/2023,1:06 PM,86.85,2,,0,19.5,0.5,1971,10.5,724,2105,24.2,280
24,,CMJ,09/26/2023,12:58 PM,73.92,3,,0,11.7,0.3,1406,8.9,672,1559,21.1,304
5,,CMJ,09/26/2023,10:40 AM,80.31,3,,0,12.9,0.44,1775,17.0,474,1789,22.3,277
29,,CMJ,09/26/2023,10:39 AM,95.47,3,,0,18.1,0.57,2420,21.0,512,2418,25.3,296
38,,CMJ,09/26/2023,10:39 AM,80.97,3,,0,15.5,0.46,2017,17.3,611,2003,24.7,265
39,,CMJ,09/26/2023,10:35 AM,98.54,3,,0,13.4,0.48,2457,13.0,504,2572,26.1,225
10,,CMJ,04/18/2023,2:11 PM,55.89,2,,0,10.9,0.3,1011,13.5,543,1174,21.0,373
11,,CMJ,04/18/2023,2:10 PM,95.86,2,,0,19.3,0.5,2256,18.0,652,2293,23.9,326
15,,CMJ,04/18/2023,2:09 PM,58.5,2,,0,13.4,0.5,1632,28.1,426,1612,27.6,251
26,,CMJ,04/18/2023,1:54 PM,74.89,2,,0,9.6,0.3,1635,16.1,501,1618,21.6,305
15,,CMJ,04/06/2023,2:08 PM,58.23,2,,0,13.9,0.54,1544,27.3,408,1528,26.2,244
15,,CMJ,04/04/2023,2:11 PM,59.34,2,,0,13.8,0.51,1567,22.0,447,1564,26.4,243
11,,CMJ,04/04/2023,2:10 PM,94.39,2,,0,18.4,0.49,2229,15.8,640,2226,23.6,312
18,,CMJ,04/04/2023,2:08 PM,90.35,2,,0,16.2,0.44,2180,19.9,592,2158,23.9,352
41,,CMJ,04/04/2023,2:07 PM,75.81,2,,0,16.5,0.49,1798,25.3,540,1793,23.6,324
2,,CMJ,04/04/2023,2:06 PM,70.87,2,,0,7.9,0.23,1349,12.6,543,1347,19.0,327
26,,CMJ,04/04/2023,2:00 PM,74.64,2,,0,10.6,0.31,1556,13.2,540,1553,20.8,322
15,,CMJ,03/30/2023,2:17 PM,59.3,2,,0,13.5,0.54,1572,26.7,397,1572,26.5,232
42,,CMJ,03/30/2023,2:16 PM,76.36,2,,0,18.0,0.57,1870,22.7,522,1853,24.3,281
2,,CMJ,03/30/2023,2:15 PM,71.58,2,,0,7.5,0.17,1148,9.0,892,1291,18.0,355
34,,CMJ,03/30/2023,2:14 PM,70.5,2,,0,10.8,0.27,1178,7.4,690,1437,20.4,308
28,,CMJ,03/30/2023,2:13 PM,65.64,2,,0,9.7,0.38,1498,20.7,397,1482,22.6,258
26,,CMJ,03/30/2023,2:11 PM,74.95,2,,0,10.1,0.28,1524,12.5,595,1527,20.4,332
1,,CMJ,03/28/2023,2:22 PM,75.9,2,,0,12.1,0.42,1977,22.6,485,1954,25.7,255
13,,CMJ,03/28/2023,2:21 PM,63.91,2,,0,10.6,0.34,1334,18.0,472,1325,20.7,318
10,,CMJ,03/28/2023,2:20 PM,56.3,2,,0,11.9,0.34,1063,14.8,551,1157,20.5,349
34,,CMJ,03/28/2023,2:19 PM,70.22,2,,0,10.8,0.24,1210,6.6,790,1389,19.8,347
2,,CMJ,03/28/2023,2:18 PM,73.08,2,,0,8.4,0.21,1360,9.9,660,1366,18.7,357
28,,CMJ,03/28/2023,2:16 PM,66.56,2,,0,9.9,0.38,1474,20.0,406,1462,22.0,264
15,,CMJ,03/28/2023,2:14 PM,58.86,3,,0,14.3,0.57,1349,14.9,394,1420,24.1,254
43,,CMJ,02/17/2023,11:08 AM,62.77,3,,0,13.2,0.44,1504,20.9,484,1499,23.9,281
3,,CMJ,02/16/2023,3:27 PM,65.01,2,,0,14.1,0.48,1613,21.3,483,1605,24.7,258
13,,CMJ,02/16/2023,2:55 PM,61.13,2,,0,10.9,0.33,1314,20.0,494,1292,21.1,342
15,,CMJ,02/16/2023,2:19 PM,58.43,2,,0,14.8,0.52,1522,21.5,474,1521,26.0,247
28,,CMJ,02/16/2023,2:17 PM,65.96,2,,0,10.1,0.39,1409,18.7,401,1433,21.7,255
43,,CMJ,02/10/2023,11:32 AM,62.08,3,,0,12.1,0.37,1369,17.9,526,1369,22.1,292
13,,CMJ,02/09/2023,2:15 PM,62.14,2,,0,10.3,0.3,1262,19.5,518,1245,20.0,343
2,,CMJ,02/09/2023,2:12 PM,70.39,2,,0,8.4,0.22,1250,9.1,648,1290,18.3,347
28,,CMJ,02/09/2023,2:11 PM,65.15,2,,0,11.1,0.29,1191,14.8,614,1269,19.5,366
15,,CMJ,02/09/2023,2:10 PM,58.0,2,,0,14.1,0.53,1512,17.7,452,1509,26.0,223
1,,CMJ,02/02/2023,3:35 PM,75.5,2,,0,11.2,0.37,1853,18.8,504,1824,24.2,261
10,,CMJ,02/02/2023,3:34 PM,54.93,2,,0,12.3,0.39,1156,21.4,466,1118,20.4,328
24,,CMJ,02/02/2023,3:32 PM,75.54,2,,0,12.8,0.45,1388,6.7,474,1715,22.7,287
12,,CMJ,02/02/2023,3:29 PM,85.83,2,,0,18.2,0.52,1899,15.9,596,1964,22.9,295
28,,CMJ,02/02/2023,3:27 PM,65.65,2,,0,10.6,0.36,1469,18.4,454,1467,22.4,303
33,,CMJ,02/02/2023,3:26 PM,86.66,2,,0,15.7,0.57,2293,22.5,465,2303,26.6,236
23,,CMJ,02/02/2023,3:25 PM,78.33,2,,0,18.4,0.62,2179,21.5,514,2182,27.9,244
36,,CMJ,02/02/2023,3:24 PM,89.26,2,,0,21.8,0.69,2343,23.5,520,2354,26.4,285
35,,CMJ,02/02/2023,3:23 PM,69.34,2,,0,13.1,0.39,1639,15.7,559,1645,23.7,286
44,,CMJ,02/02/2023,3:22 PM,69.63,2,,0,13.2,0.42,1493,17.8,518,1508,21.7,292
45,,CMJ,02/02/2023,3:21 PM,60.83,2,,0,13.3,0.4,1243,17.3,522,1245,20.5,323
42,,CMJ,02/02/2023,3:20 PM,75.2,2,,0,18.8,0.61,1958,23.0,514,1951,25.9,272
2,,CMJ,02/02/2023,2:20 PM,69.74,2,,0,9.1,0.3,1521,16.5,488,1521,21.8,281
15,,CMJ,02/02/2023,2:16 PM,58.27,2,,0,14.1,0.64,1707,21.4,370,1731,29.7,187
13,,CMJ,02/02/2023,2:14 PM,63.26,2,,0,10.1,0.32,1283,18.5,478,1270,20.1,317
11,,CMJ,02/02/2023,2:13 PM,95.75,2,,0,19.1,0.53,2360,20.3,604,2335,24.4,309
32,,CMJ,02/02/2023,2:08 PM,87.69,2,,0,16.0,0.48,2021,13.8,605,2048,23.3,260
15,,CMJ,01/27/2023,1:12 PM,59.16,2,,0,13.1,0.48,1376,16.2,462,1410,23.8,237
1,,CMJ,01/26/2023,3:33 PM,75.32,2,,0,11.4,0.45,1964,22.0,401,1931,25.6,244
24,,CMJ,01/26/2023,3:32 PM,76.1,2,,0,11.3,0.39,1521,13.2,490,1706,22.4,259
46,,CMJ,01/26/2023,3:27 PM,70.41,2,,0,18.2,0.6,1786,18.9,508,1787,25.4,255
28,,CMJ,01/26/2023,3:25 PM,65.71,2,,0,9.7,0.32,1434,16.0,466,1429,21.7,299
12,,CMJ,01/26/2023,3:24 PM,85.56,2,,0,17.4,0.53,1924,15.8,556,1988,23.2,274
42,,CMJ,01/26/2023,3:22 PM,75.54,2,,0,18.2,0.62,2067,27.5,478,2010,26.6,267
10,,CMJ,01/26/2023,3:20 PM,55.06,2,,0,11.4,0.35,1151,22.5,470,1133,20.6,345
44,,CMJ,01/26/2023,3:19 PM,69.32,2,,0,13.5,0.38,1534,16.5,601,1538,22.2,305
35,,CMJ,01/26/2023,3:18 PM,68.56,2,,0,13.7,0.39,1536,13.6,599,1556,22.7,289
45,,CMJ,01/26/2023,3:16 PM,61.6,2,,0,12.6,0.36,1217,16.9,540,1263,20.5,344
23,,CMJ,01/26/2023,3:15 PM,78.38,2,,0,18.0,0.53,2093,19.0,591,2091,26.7,274
16,,CMJ,01/26/2023,3:14 PM,88.71,2,,0,19.3,0.47,2038,12.7,734,2047,23.1,309
19,,CMJ,01/26/2023,3:13 PM,75.7,2,,0,14.7,0.54,1749,19.4,433,1740,23.0,266
36,,CMJ,01/26/2023,3:11 PM,90.15,2,,0,20.3,0.7,2375,18.4,497,2512,27.9,237
32,,CMJ,01/26/2023,3:10 PM,87.85,2,,0,15.7,0.47,2138,14.9,597,2134,24.3,260
33,,CMJ,01/26/2023,3:09 PM,85.81,2,,0,14.4,0.54,2303,18.7,449,2432,28.3,228
3,,CMJ,01/26/2023,3:07 PM,65.55,2,,0,13.4,0.48,1665,21.8,463,1660,25.3,241
24,,CMJ,01/19/2023,3:48 PM,76.61,2,,0,12.2,0.48,1422,9.7,390,1784,23.3,261
40,,CMJ,01/19/2023,3:29 PM,67.83,2,,0,12.2,0.42,1676,27.7,450,1649,24.3,293
46,,CMJ,01/19/2023,3:24 PM,70.23,2,,0,18.1,0.61,1769,18.4,507,1773,25.2,255
10,,CMJ,01/19/2023,3:24 PM,55.66,2,,0,11.8,0.39,1215,22.1,455,1168,21.0,316
36,,CMJ,01/19/2023,3:22 PM,90.08,2,,0,20.3,0.67,2400,22.0,507,2410,26.8,257
26,,CMJ,01/19/2023,3:21 PM,73.86,2,,0,10.1,0.29,1567,11.2,580,1569,21.2,305
35,,CMJ,01/19/2023,3:19 PM,68.09,2,,0,12.7,0.34,1469,10.5,670,1494,21.9,295
3,,CMJ,01/19/2023,3:18 PM,65.84,2,,0,13.9,0.4,1610,17.8,622,1603,24.3,256
44,,CMJ,01/19/2023,3:17 PM,69.42,2,,0,12.6,0.35,1405,13.8,615,1418,20.4,307
28,,CMJ,01/19/2023,3:16 PM,65.44,2,,0,10.3,0.39,1597,22.4,400,1580,24.2,262
33,,CMJ,01/19/2023,3:15 PM,86.21,2,,0,16.4,0.56,2231,19.0,488,2250,26.1,252
12,,CMJ,01/19/2023,3:13 PM,86.05,2,,0,17.6,0.53,2050,15.5,586,2103,24.4,253
42,,CMJ,01/19/2023,3:12 PM,75.36,2,,0,18.7,0.64,2111,26.3,488,2097,27.8,257
19,,CMJ,01/19/2023,3:10 PM,74.28,2,,0,14.5,0.6,1856,16.4,394,1936,26.1,220
2,,CMJ,01/19/2023,2:17 PM,70.72,1,,0,7.9,0.26,1469,14.2,476,1469,20.8,285
41,,CMJ,01/19/2023,2:17 PM,76.32,1,,0,14.4,0.51,1787,20.8,473,1792,23.5,252
13,,CMJ,01/19/2023,2:16 PM,62.69,2,,0,10.7,0.3,1110,12.6,579,1225,19.5,332
15,,CMJ,01/19/2023,2:14 PM,58.82,2,,0,12.9,0.46,1500,15.4,490,1503,25.6,227
15,,CMJ,01/16/2023,2:11 PM,58.84,3,,0,12.1,0.43,1449,16.2,482,1474,25.0,232
28,,CMJ,12/06/2022,3:42 PM,67.78,3,,0,10.1,0.39,1572,19.2,423,1572,23.2,262
3,,CMJ,12/06/2022,3:40 PM,64.05,2,,0,14.0,0.39,1473,13.0,650,1474,23.0,265
42,,CMJ,08/29/2022,11:19 AM,73.95,3,,0,18.2,0.62,2046,21.4,492,2040,27.6,254
